{
  "timestamp": "20260316_230725",
  "config": {
    "source": "sft",
    "device": "cuda",
    "gpu": "NVIDIA GeForce RTX 5060 Laptop GPU",
    "max_tokens": 128,
    "num_requests": 30,
    "temperature": 0.6,
    "top_k": 50,
    "model_params": 73531512
  },
  "latency_ms": {
    "avg": 761.8203266666873,
    "p50": 752.3696000025666,
    "p95": 841.5012000041315,
    "p99": 871.2395999973523,
    "min": 648.4221000064281,
    "max": 871.2395999973523
  },
  "throughput": {
    "avg_tok_per_sec": 165.66447097782208,
    "peak_tok_per_sec": 173.74972817738794,
    "total_throughput": 165.39332909546755,
    "total_tokens": 3780
  },
  "memory": {
    "peak_vram_mb": 220.9423828125
  },
  "raw": {
    "latencies_ms": [
      834.7440999932587,
      805.2563999954145,
      871.2395999973523,
      648.4221000064281,
      772.0105999978841,
      780.3266999981133,
      747.3470000040834,
      754.7831999982009,
      748.0588999969768,
      810.8642000006512,
      764.8809000020265,
      755.9952000010526,
      745.6827999994857,
      654.4988000023295,
      743.8536999979988,
      740.6046000032802,
      741.6588999985834,
      736.691799997061,
      742.4163999967277,
      788.5752000001958,
      743.2578000007197,
      742.9376000000047,
      752.6576000018395,
      708.9772000035737,
      817.1677999998792,
      841.5012000041315,
      792.8590000010445,
      750.8464999991702,
      752.0816000032937,
      764.4123999998556
    ],
    "tokens_counts": [
      128,
      128,
      128,
      108,
      128,
      128,
      128,
      128,
      128,
      128,
      128,
      128,
      128,
      108,
      128,
      128,
      128,
      128,
      128,
      128,
      128,
      128,
      128,
      108,
      128,
      128,
      128,
      128,
      128,
      128
    ],
    "tok_per_sec": [
      153.3404069594906,
      158.9555823470995,
      146.91710523762808,
      166.5581725220799,
      165.80083226881965,
      164.03385915195454,
      171.2725146408571,
      169.58512060192265,
      171.1095209221056,
      157.85627235719275,
      167.34631496179455,
      169.3132443166594,
      171.65475722396747,
      165.01176167109185,
      172.0768479075178,
      172.8317647492779,
      172.58607696913566,
      173.74972817738794,
      172.4099844784735,
      162.31806427588418,
      172.21480891270303,
      172.28903208021669,
      170.0640503725561,
      152.33212012947047,
      156.63857533302087,
      152.1091116677808,
      161.44106329099043,
      170.4742580542647,
      170.1942980647837,
      167.44887968853487
    ]
  }
}