{
  "timestamp": "20260316_225218",
  "config": {
    "source": "sft",
    "device": "cuda",
    "gpu": "NVIDIA GeForce RTX 5060 Laptop GPU",
    "max_tokens": 128,
    "num_requests": 30,
    "temperature": 0.6,
    "top_k": 50,
    "model_params": 73531512
  },
  "latency_ms": {
    "avg": 792.049199999019,
    "p50": 795.2276499963773,
    "p95": 852.4101000002702,
    "p99": 858.5049999965122,
    "min": 664.3960999936098,
    "max": 858.5049999965122
  },
  "throughput": {
    "avg_tok_per_sec": 159.20104082027174,
    "peak_tok_per_sec": 165.11224666049944,
    "total_throughput": 159.08102678489675,
    "total_tokens": 3780
  },
  "memory": {
    "peak_vram_mb": 220.9423828125
  },
  "raw": {
    "latencies_ms": [
      775.2301999935298,
      779.5745999974315,
      781.0762000008253,
      664.3960999936098,
      811.2212999985786,
      794.3604999964009,
      788.6227999988478,
      796.2262000000919,
      791.4463999986765,
      785.8314000040991,
      782.2015999990981,
      790.6805999955395,
      822.5946000020485,
      674.0158000029624,
      784.5104000007268,
      796.0947999963537,
      782.4630999966757,
      788.4883000006084,
      852.4101000002702,
      858.5049999965122,
      813.3433000039076,
      806.4857999997912,
      819.4163000007393,
      687.9054000019096,
      828.0024999985471,
      825.823399994988,
      823.1286000009277,
      819.8196000012103,
      810.3229999978794,
      827.278099997784
    ],
    "tokens_counts": [
      128,
      128,
      128,
      108,
      128,
      128,
      128,
      128,
      128,
      128,
      128,
      128,
      128,
      108,
      128,
      128,
      128,
      128,
      128,
      128,
      128,
      128,
      128,
      108,
      128,
      128,
      128,
      128,
      128,
      128
    ],
    "tok_per_sec": [
      165.11224666049944,
      164.1921119549325,
      163.87645661187057,
      162.5536332935108,
      157.78678395183198,
      161.13590743822226,
      162.30826701965378,
      160.7583372664517,
      161.7292086996846,
      162.88481218659922,
      163.64067779987613,
      161.88584872415245,
      155.60520334035894,
      160.23363250464652,
      163.15908622738644,
      160.784871350229,
      163.58598891186537,
      162.33595349468246,
      150.16246288020218,
      149.09639431397605,
      157.3751206893633,
      158.7132718270218,
      156.2087549391982,
      156.99833145618598,
      154.58890522700668,
      154.99681893341463,
      155.50425534947485,
      156.13190999557833,
      157.9617016922079,
      154.72426986806838
    ]
  }
}