{
  "timestamp": "20260319_165231",
  "config": {
    "source": "sft",
    "device": "cuda",
    "gpu": "NVIDIA GeForce RTX 5060 Laptop GPU",
    "max_tokens": 128,
    "num_requests": 30,
    "temperature": 0.6,
    "top_k": 50,
    "model_params": 286261704
  },
  "latency_ms": {
    "avg": 1499.5449133324048,
    "p50": 1504.6824500022922,
    "p95": 1779.1953000123613,
    "p99": 1783.4775000228547,
    "min": 1016.0979000211228,
    "max": 1783.4775000228547
  },
  "throughput": {
    "avg_tok_per_sec": 80.07032713670388,
    "peak_tok_per_sec": 86.84831534599792,
    "total_throughput": 79.69084416047122,
    "total_tokens": 3585
  },
  "memory": {
    "peak_vram_mb": 820.439453125
  },
  "raw": {
    "latencies_ms": [
      1494.8254999762867,
      1480.4805000021588,
      1034.329100017203,
      1474.8989999934565,
      1473.8340000039898,
      1437.5998000032268,
      1505.2342000126373,
      1474.2361000098754,
      1486.3151000172365,
      1016.0979000211228,
      1563.300799985882,
      1537.6823999977205,
      1070.419600000605,
      1531.6007999936119,
      1538.763199991081,
      1471.4760000060778,
      1504.130699991947,
      1691.7587999778334,
      1770.8196000021417,
      1216.3312000047881,
      1722.562699986156,
      1783.4775000228547,
      1203.715599986026,
      1779.1953000123613,
      1702.7143000159413,
      1669.3848999857437,
      1771.0787999967579,
      1725.2312999917194,
      1704.4681999832392,
      1150.384499982465
    ],
    "tokens_counts": [
      128,
      128,
      89,
      128,
      128,
      123,
      128,
      128,
      128,
      87,
      128,
      128,
      89,
      128,
      128,
      123,
      128,
      128,
      128,
      87,
      128,
      128,
      89,
      128,
      128,
      123,
      128,
      128,
      128,
      87
    ],
    "tok_per_sec": [
      85.62872388919679,
      86.45841670985423,
      86.04611433490535,
      86.7856036247688,
      86.84831534599792,
      85.55927734528338,
      85.03660094816166,
      86.82462734370877,
      86.11902011795185,
      85.62167090217531,
      81.87803652448459,
      83.24215715819453,
      83.14496483430395,
      83.57269074326278,
      83.18368934267593,
      83.58953866695207,
      85.09898774134807,
      75.66090390762392,
      72.28291351634304,
      71.52657105207655,
      74.30789021556586,
      71.76989897453696,
      73.9377308070388,
      71.94263608897275,
      75.17409115481183,
      73.67983261442608,
      72.2723348053369,
      74.19295024418717,
      75.09673691844687,
      75.6268882285237
    ]
  }
}