{
  "timestamp": "20260316_230515",
  "config": {
    "source": "sft",
    "device": "cuda",
    "gpu": "NVIDIA GeForce RTX 5060 Laptop GPU",
    "max_tokens": 128,
    "num_requests": 30,
    "temperature": 0.6,
    "top_k": 50,
    "model_params": 73531512
  },
  "latency_ms": {
    "avg": 774.7042100008306,
    "p50": 785.4717999980494,
    "p95": 798.5302000015508,
    "p99": 801.3320000027306,
    "min": 644.0294000058202,
    "max": 801.3320000027306
  },
  "throughput": {
    "avg_tok_per_sec": 162.65448232783243,
    "peak_tok_per_sec": 167.69420774738543,
    "total_throughput": 162.64272011619107,
    "total_tokens": 3780
  },
  "memory": {
    "peak_vram_mb": 220.9423828125
  },
  "raw": {
    "latencies_ms": [
      779.7314999988885,
      779.5100000003004,
      767.6018000056501,
      644.0294000058202,
      788.2484000001568,
      786.8672000040533,
      771.1199999976088,
      780.8748999959789,
      776.2034000043059,
      780.6017999973847,
      798.2589000021107,
      773.4024000019417,
      780.6697999985772,
      664.6760000003269,
      780.7241999980761,
      790.3938999952516,
      786.1900999996578,
      798.5302000015508,
      787.6154000041424,
      790.6155000018771,
      785.4250999953365,
      785.5185000007623,
      798.2479999991483,
      718.8275000007707,
      797.5533000062569,
      778.9985000054003,
      790.5928999971366,
      789.8717999996734,
      801.3320000027306,
      788.8939000040409
    ],
    "tokens_counts": [
      128,
      128,
      128,
      108,
      128,
      128,
      128,
      128,
      128,
      128,
      128,
      128,
      128,
      108,
      128,
      128,
      128,
      128,
      128,
      128,
      128,
      128,
      128,
      108,
      128,
      128,
      128,
      128,
      128,
      128
    ],
    "tok_per_sec": [
      164.15907270667208,
      164.20571897724298,
      166.75312642447923,
      167.69420774738543,
      162.38535974189676,
      162.6703972402721,
      165.99232285558267,
      163.91870195937804,
      164.90522973654836,
      163.9760502735567,
      160.34897950985768,
      165.50246029709584,
      163.9617671904732,
      162.48518074963874,
      163.95034251572505,
      161.94456966427623,
      162.81049583307615,
      160.2945010717834,
      162.51586751519434,
      161.89917855101007,
      162.9690724179301,
      162.94969501020765,
      160.351169060413,
      150.2446692702828,
      160.49084117512376,
      164.31353847165644,
      161.90380662470358,
      162.05161394551993,
      159.73404281816255,
      162.25249047982797
    ]
  }
}